date,meantemp,humidity,wind_speed,meanpressure                                   
2013-10-20,24.333333333333332,67.83333333333333,1.55,1010.6666666666666          
2013-10-21,24.875,63.625,1.3875000000000002,1009.875                             
2013-10-22,27.8,53.6,0.0,1011.0                                                  
2013-10-23,25.0,67.5,1.1625,1013.625                                             
2013-10-24,23.857142857142858,73.14285714285714,1.0571428571428572,1013.285714285
2013-10-25,22.8,75.8,1.86,1011.0                                                 
2013-10-26,23.0,78.2,0.74,1011.2                                                 
2013-10-27,22.875,66.875,2.5500000000000003,1010.625                             
2013-10-28,22.666666666666668,63.166666666666664,4.933333333333334,1010.0        
2013-10-29,23.0,62.714285714285715,3.971428571428571,1011.1428571428571          
2013-10-30,22.857142857142858,67.42857142857143,2.385714285714286,1012.8571428571
2013-10-31,23.666666666666668,58.833333333333336,3.0833333333333335,1012.83333333
2013-11-01,23.428571428571427,69.14285714285714,1.0571428571428572,1013.285714285
2013-11-02,21.625,65.0,4.6375,1014.5                                             
2013-11-03,20.625,57.875,5.5625,1016.0                                           
2013-11-04,21.166666666666668,54.166666666666664,2.466666666666667,1017.5        
2013-11-05,18.833333333333332,74.33333333333333,0.0,1017.5                       
2013-11-06,20.571428571428573,66.71428571428571,3.1857142857142855,1015.857142857
2013-11-07,20.142857142857142,73.14285714285714,4.500000000000001,1015.6666666666
2013-11-08,18.0,82.2,19.9125,1015.625                                            
2013-11-09,19.857142857142858,73.57142857142857,0.5285714285714286,1016.714285714
2013-11-10,16.833333333333332,72.0,2.466666666666667,1016.0                      
2013-11-11,18.857142857142858,61.857142857142854,5.814285714285715,1013.428571428
2013-11-12,16.571428571428573,71.71428571428571,0.7999999999999999,1013.857142857
2013-11-13,17.75,65.0,3.0125,1014.25                                             
2013-11-14,17.625,63.375,3.475,1015.25                                           
2013-11-15,17.0,67.0,0.925,1016.5                                                
2013-11-16,16.625,69.625,0.0,1018.0                                              
2013-11-17,15.571428571428571,67.42857142857143,2.3857142857142857,1017.714285714
2013-11-18,18.5,55.125,7.412500000000001,1016.875                                
2013-11-19,17.875,63.5,7.175,1015.5                                              
2013-11-20,18.25,58.875,2.55,1012.75                                             
2013-11-21,17.875,66.25,2.0875,1013.125                                          
2013-11-22,17.625,74.875,1.1625,1015.75                                          
2013-11-23,18.142857142857142,77.85714285714286,0.7999999999999999,1014.571428571
2013-11-24,19.125,58.875,5.0875,1014.5                                           
2013-11-25,21.25,49.875,9.5,1012.875                                             
2013-11-26,21.25,51.375,9.75,1011.75                                             
2013-11-27,19.125,68.5,2.7875,1014.75                                            
2013-11-28,18.625,71.875,1.85,1017.75                                            
2013-11-29,17.75,66.625,4.8625,1016.875                                          
2013-11-30,17.875,69.625,11.8125,1015.875                                        
2013-12-01,18.0,65.0,1.5857142857142859,1016.1428571428571                       
2013-12-02,17.25,73.25,1.85,1015.875                                             
2013-12-03,17.5,73.5,1.3875,1016.75                                              
2013-12-04,17.142857142857142,71.85714285714286,4.228571428571429,1017.0         
2013-12-05,17.142857142857142,69.0,6.885714285714286,1015.2857142857143          
2013-12-06,16.125,72.375,3.7125000000000004,1014.0                               
2013-12-07,16.0,80.5,1.1625,1014.25                                              
2013-12-08,16.5,83.625,0.0,1014.0                                                
2013-12-09,16.125,79.25,2.3125,1013.5                                            
2013-12-10,15.5,81.75,2.55,1013.75                                               
2013-12-11,16.625,71.875,6.475000000000001,1014.125                              
2013-12-12,17.75,62.375,16.9,1012.5                                              
2013-12-13,17.142857142857142,67.71428571428571,11.62857142857143,1012.0         
2013-12-14,16.142857142857142,79.0,0.7999999999999999,1012.5714285714286         
2013-12-15,15.5,86.25,2.55,1015.125                                              
2013-12-16,15.25,89.5,1.1625,1015.625                                            
2013-12-17,14.75,92.875,0.925,1014.25                                            
2013-12-18,14.875,93.0,2.0875,1012.625                                           
2013-12-19,16.125,89.125,3.2499999999999996,1012.875                             
2013-12-20,15.375,91.375,4.4125000000000005,1016.0                               
2013-12-21,14.75,94.0,0.4625,1017.0                                              
2013-12-22,15.25,94.0,1.3875000000000002,1018.375                                
2013-12-23,14.25,88.25,9.025,1020.5                                              
2013-12-24,13.5,84.75,5.7875000000000005,1021.375                                
2013-12-25,13.666666666666666,63.166666666666664,34.4875,1020.625                
2013-12-26,12.125,67.625,4.4,1019.25                                             
2013-12-27,11.875,79.875,1.1625,1018.625                                         
2013-12-28,10.875,70.0,5.325,1019.25                                             
2013-12-29,10.571428571428571,69.42857142857143,5.325,1018.5                     
2013-12-30,12.375,79.5,6.4750000000000005,1018.125                               
2013-12-31,14.5,89.375,4.862500000000001,1020.5                                  
2014-01-01,13.375,89.625,7.65,1021.0                                             
2014-01-02,11.0,78.375,8.1,1020.25                                               
2014-01-03,12.5,74.875,5.325,1017.75                                             
2014-01-04,12.875,88.125,1.1625,1016.25                                          
2014-01-05,12.375,89.0,0.4625,1014.5                                             
2014-01-06,11.428571428571429,86.28571428571429,27.3375,1017.625                 
2014-01-07,12.142857142857142,72.28571428571429,20.599999999999998,1017.75       
2014-01-08,11.875,76.875,1.85,1017.875                                           
2014-01-09,12.833333333333334,83.0,1.2333333333333334,1017.0                     
2014-01-10,12.375,85.375,0.0,1016.625                                            
2014-01-11,12.125,82.625,6.7250000000000005,1019.625                             
2014-01-12,12.875,80.875,3.2500000000000004,1020.75                              
2014-01-13,14.0,72.375,1.1625,1019.375                                           
2014-01-14,14.875,76.75,2.7875,1017.0                                            
2014-01-15,12.0,93.5,0.4625,1019.75                                              
2014-01-16,12.285714285714286,90.57142857142857,1.5857142857142859,1019.571428571
2014-01-17,12.0,95.75,1.1625,1017.625                                            
2014-01-18,12.5,94.25,1.85,1020.25                                               
2014-01-19,14.5,84.5,3.4749999999999996,1023.0                                   
2014-01-20,14.625,83.5,4.4125000000000005,1021.375                               
2014-01-21,13.571428571428571,96.85714285714286,7.171428571428572,1020.5714285714
2014-01-22,15.25,96.125,6.7124999999999995,1019.875                              
2014-01-23,15.625,90.125,6.7125,1020.25                                          
2014-01-24,13.875,88.875,8.1125,1019.25                                          
2014-01-25,11.75,95.625,8.3375,1019.75                                           
2014-01-26,14.375,85.75,8.8125,1019.125                                          
2014-01-27,16.625,72.375,9.950000000000001,1018.75                               
2014-01-28,16.625,69.875,7.4125000000000005,1016.75                              
2014-01-29,14.875,81.875,4.625000000000001,1018.625                              
2014-01-30,14.5,83.25,0.925,1019.375                                             
2014-01-31,14.75,82.5,3.0125,1019.25                                             
2014-02-01,14.0,79.375,2.55,1019.75                                              
2014-02-02,15.25,76.125,1.85,1016.875                                            
2014-02-03,18.428571428571427,63.857142857142854,12.2875,1014.125                
2014-02-04,18.857142857142858,65.42857142857143,13.424999999999999,1011.0        
2014-02-05,17.0,72.75,1.625,1011.5                                               
2014-02-06,18.5,65.375,6.012500000000001,1010.875                                
2014-02-07,19.625,67.25,15.049999999999999,1009.25                               
2014-02-08,13.625,85.375,8.1125,1011.375                                         
2014-02-09,12.875,63.375,9.2625,1012.0                                           
2014-02-10,12.625,61.75,3.7,1012.5                                               
2014-02-11,13.375,64.625,3.7,1013.5                                              
2014-02-12,13.25,67.0,9.262500000000001,1013.5                                   
2014-02-13,15.25,64.5,4.875,1013.625                                             
2014-02-14,13.0,95.5,5.3375,1011.875                                             
2014-02-15,12.375,89.5,3.9375,1012.875                                           
2014-02-16,13.5,79.0,8.7875,1016.0                                               
2014-02-17,15.125,66.125,12.725,1017.75                                          
2014-02-18,15.25,60.125,8.799999999999999,1017.375                               
2014-02-19,15.125,75.375,1.85,1016.625                                           
2014-02-20,16.125,78.625,1.8625,1014.75                                          
2014-02-21,17.125,72.25,8.7875,1014.25                                           
2014-02-22,16.625,85.625,6.250000000000001,1017.375                              
2014-02-23,16.5,80.0,7.887500000000001,1019.375                                  
2014-02-24,16.375,69.375,5.3375,1018.625                                         
2014-02-25,18.125,69.0,0.925,1017.25                                             
2014-02-26,18.75,71.125,2.0875,1014.25                                           
2014-02-27,18.625,76.625,7.175000000000001,1013.125                              
2014-02-28,15.625,88.375,5.799999999999999,1013.125                              
2014-03-01,16.142857142857142,87.28571428571429,4.242857142857143,1015.2857142857
2014-03-02,16.125,79.0,5.7875000000000005,1017.125                               
2014-03-03,17.875,65.625,3.7,1016.25                                             
2014-03-04,18.75,66.375,3.7125000000000004,1016.5                                
2014-03-05,18.875,67.0,5.325000000000001,1016.125                                
2014-03-06,18.375,64.0,4.6375,1016.375                                           
2014-03-07,18.5,62.875,6.7125,1017.125                                           
2014-03-08,19.875,63.875,9.9625,1017.0                                           
2014-03-09,22.0,56.625,7.65,1014.5                                               
2014-03-10,20.0,63.875,10.8875,1014.375                                          
2014-03-11,20.714285714285715,70.0,15.6,1013.7142857142857                       
2014-03-12,20.0,68.875,6.4875,1016.25                                            
2014-03-13,19.0,60.625,9.950000000000001,1016.25                                 
2014-03-14,19.625,61.25,5.800000000000001,1015.0                                 
2014-03-15,21.625,62.625,2.7875,1016.375                                         
2014-03-16,23.125,58.5,6.25,1015.375                                             
2014-03-17,26.25,52.125,6.7125,1011.25                                           
2014-03-18,24.857142857142858,53.42857142857143,9.799999999999999,1012.8571428571
2014-03-19,21.75,57.375,10.1875,1013.25                                          
2014-03-20,21.5,55.0,7.4,1010.75                                                 
2014-03-21,22.5,64.75,5.3375,1007.125                                            
2014-03-22,25.0,59.5,3.0124999999999997,1007.0                                   
2014-03-23,22.75,61.875,9.025,1010.625                                           
2014-03-24,22.375,73.125,9.487499999999999,1011.625                              
2014-03-25,24.625,60.25,2.775,1010.5                                             
2014-03-26,25.125,58.875,2.7750000000000004,1010.625                             
2014-03-27,23.5,63.25,4.8875,1011.75                                             
2014-03-28,24.428571428571427,67.57142857142857,4.5,1011.1428571428571           
2014-03-29,25.875,55.625,8.35,1011.25                                            
2014-03-30,24.125,46.75,13.9,1009.875                                            
2014-03-31,24.125,44.125,13.200000000000001,1008.25                              
2014-04-01,24.875,45.75,9.712499999999999,1006.125                               
2014-04-02,26.75,43.375,7.175,1005.75                                            
2014-04-03,25.0,48.0,10.424999999999999,1010.375                                 
2014-04-04,25.857142857142858,47.857142857142854,11.914285714285715,1009.85714285
2014-04-05,27.375,44.0,9.2625,1008.875                                           
2014-04-06,30.125,45.25,6.7125,1007.5                                            
2014-04-07,27.25,47.625,12.9625,1009.625                                         
2014-04-08,25.75,41.875,12.725,1010.375                                          
2014-04-09,25.75,35.25,12.7375,1010.25                                           
2014-04-10,26.375,29.25,12.500000000000002,1010.875                              
2014-04-11,28.142857142857142,29.0,10.057142857142859,1008.5714285714286         
2014-04-12,29.125,39.875,5.1000000000000005,1007.125                             
2014-04-13,26.875,40.375,15.5125,1009.625                                        
2014-04-14,27.625,46.625,5.3500000000000005,1010.625                             
2014-04-15,29.0,48.125,2.55,1009.125                                             
2014-04-16,27.125,53.625,4.4,1008.25                                             
2014-04-17,26.375,49.625,9.25,1007.0                                             
2014-04-18,24.25,64.375,14.3375,1011.625                                         
2014-04-19,25.625,57.875,5.1,1011.375                                            
2014-04-20,27.0,48.0,4.6375,1010.5                                               
2014-04-21,28.0,33.125,8.8125,1010.0                                             
2014-04-22,29.375,29.375,12.5,1011.75                                            
2014-04-23,29.125,37.0,6.0249999999999995,1009.0                                 
2014-04-24,29.375,35.875,7.875,1005.875                                          
2014-04-25,30.625,34.375,8.1125,1006.125                                         
2014-04-26,31.5,32.0,8.1125,1006.375                                             
2014-04-27,30.625,30.0,8.350000000000001,1007.125                                
2014-04-28,31.5,27.875,10.1875,1005.625                                          
2014-04-29,32.125,28.875,8.325,1003.875                                          
2014-04-30,33.25,25.5,5.3375,1003.75                                             
2014-05-01,34.875,22.5,9.7375,1001.5                                             
2014-05-02,34.375,24.75,6.4875,1001.875                                          
2014-05-03,31.75,33.375,6.475,1003.625                                           
2014-05-04,31.875,34.375,5.8,1003.0                                              
2014-05-05,29.75,53.25,9.037500000000001,1005.75                                 
2014-05-06,29.571428571428573,51.142857142857146,6.885714285714287,1006.857142857
2014-05-07,31.75,48.625,1.85,1004.25                                             
2014-05-08,31.375,43.0,10.662500000000001,1002.625                               
2014-05-09,30.5,39.625,6.487500000000001,1000.4285714285714                      
2014-05-10,30.0,37.625,7.8875,1000.75                                            
2014-05-11,29.625,40.375,7.65,1004.0                                             
2014-05-12,28.0,53.375,10.887500000000001,1004.875                               
2014-05-13,25.25,65.75,9.9625,1008.375                                           
2014-05-14,26.875,55.25,8.575000000000001,1006.5                                 
2014-05-15,29.5,39.875,11.125,1004.25                                            
2014-05-16,31.125,40.25,9.4875,1003.5                                            
2014-05-17,29.875,47.625,7.175000000000001,1007.0                                
2014-05-18,31.5,35.375,13.899999999999999,1007.375                               
2014-05-19,32.375,29.5,11.575000000000003,1006.625                               
2014-05-20,31.125,34.0,7.6375,1006.625                                           
2014-05-21,33.0,32.5,9.7125,1002.125                                             
2014-05-22,33.25,33.375,11.112499999999999,999.5                                 
2014-05-23,34.625,32.75,19.450000000000003,1000.0                                
2014-05-24,31.5,50.5,6.725,1004.125                                              
2014-05-25,31.5,43.25,16.4375,1005.5                                             
2014-05-26,30.125,54.125,4.175,1007.125                                          
2014-05-27,31.875,49.75,2.55,1004.75                                             
2014-05-28,33.625,44.5,3.95,1001.25                                              
2014-05-29,35.25,40.125,4.4,999.375                                              
2014-05-30,33.125,44.5,11.5875,999.5714285714286                                 
2014-05-31,34.625,39.0,6.4875,999.625                                            
2014-06-01,32.75,34.25,16.2,1003.25                                              
2014-06-02,32.75,41.375,4.6375,1003.25                                           
2014-06-03,34.875,33.625,6.487500000000001,1000.0                                
2014-06-04,35.25,33.125,7.1875,998.125                                           
2014-06-05,36.875,26.875,8.5625,996.125                                          
2014-06-06,37.5,27.625,10.2,994.875                                              
2014-06-07,38.5,22.75,13.1875,994.0                                              
2014-06-08,37.625,26.25,6.7250000000000005,993.125                               
2014-06-09,37.875,32.125,6.025,993.125                                           
2014-06-10,37.25,20.875,12.0375,994.75                                           
2014-06-11,37.625,23.125,14.8125,995.625                                         
2014-06-12,32.875,39.25,24.325,997.0                                             
2014-06-13,30.25,55.125,16.6625,997.625                                          
2014-06-14,30.5,66.875,6.487500000000001,997.375                                 
2014-06-15,33.875,52.0,8.1,997.125                                               
2014-06-16,36.375,41.375,10.887500000000001,995.625                              
2014-06-17,36.875,42.125,15.962499999999999,994.125                              
2014-06-18,33.875,58.0,10.425,994.25                                             
2014-06-19,35.75,47.875,10.8875,993.25                                           
2014-06-20,38.0,36.125,17.825,991.375                                            
2014-06-21,36.875,40.125,9.7375,993.875                                          
2014-06-22,34.5,46.75,4.4,996.375                                                
2014-06-23,32.125,49.75,6.7125,996.25                                            
2014-06-24,33.0,46.25,10.1875,995.5                                              
2014-06-25,32.25,53.25,13.2,997.625                                              
2014-06-26,32.5,60.375,3.2375,1001.0                                             
2014-06-27,34.75,48.5,9.487499999999999,1001.625                                 
2014-06-28,34.875,49.0,5.7875,999.375                                            
2014-06-29,33.0,57.75,9.7125,997.75                                              
2014-06-30,32.0,67.75,3.2499999999999996,997.5                                   
2014-07-01,31.375,65.125,6.25,1000.875                                           
2014-07-02,29.5,71.375,5.787500000000001,1001.125                                
2014-07-03,28.875,75.125,5.0875,998.2857142857143                                
2014-07-04,31.38888888888889,69.0,4.333333333333333,998.7777777777778            
2014-07-05,34.705882352941174,52.05882352941177,9.202941176470588,1000.7058823529
2014-07-06,30.625,61.125,3.7125,1000.5                                           
2014-07-07,34.0,48.75,5.5625,998.25                                              
2014-07-08,35.0,39.5,9.725000000000001,996.875                                   
2014-07-09,36.0,37.125,13.65,996.5                                               
2014-07-10,36.125,38.75,11.3375,996.875                                          
2014-07-11,36.625,38.625,8.7875,996.125                                          
2014-07-12,35.875,51.375,5.3375,996.0                                            
2014-07-13,31.625,69.75,6.025,998.0                                              
2014-07-14,32.375,67.875,6.725,997.125                                           
2014-07-15,33.125,62.625,8.825000000000001,996.0                                 
2014-07-16,32.625,63.0,10.45,997.25                                              
2014-07-17,30.75,74.25,6.7250000000000005,996.125                                
2014-07-18,27.25,83.875,2.55,994.875                                             
2014-07-19,29.875,71.0,6.25,995.125                                              
2014-07-20,30.875,68.875,6.262499999999999,996.75                                
2014-07-21,32.125,65.5,4.65,996.0                                                
2014-07-22,31.625,69.75,7.175,997.0                                              
2014-07-23,30.625,72.875,8.1125,997.75                                           
2014-07-24,30.5,63.625,12.0375,998.7142857142857                                 
2014-07-25,30.75,63.25,9.9625,1000.75                                            
2014-07-26,32.5,61.5,7.175,1001.875                                              
2014-07-27,31.714285714285715,65.42857142857143,6.25,1001.875                    
2014-07-28,30.0,75.75,18.05,999.375                                              
2014-07-29,30.25,69.875,5.7875000000000005,999.25                                
2014-07-30,31.875,65.75,4.175000000000001,999.5714285714286                      
2014-07-31,32.5,65.75,7.425,999.625                                              
2014-08-01,33.25,59.5,6.500000000000001,998.0                                    
2014-08-02,30.125,77.75,0.925,997.125                                            
2014-08-03,31.5,66.25,5.7875000000000005,995.375                                 
2014-08-04,30.5,69.75,5.1000000000000005,996.125                                 
2014-08-05,29.75,77.5,1.85,997.5                                                 
2014-08-06,32.125,65.0,5.5625,996.875                                            
2014-08-07,31.125,65.375,6.949999999999999,997.0                                 
2014-08-08,31.0,67.875,6.012500000000001,998.375                                 
2014-08-09,29.235294117647058,80.47058823529412,6.652941176470588,1001.6470588235
2014-08-10,28.5,89.90625,5.2250000000000005,1002.15625                           
2014-08-11,31.125,72.125,3.0124999999999997,999.875                              
2014-08-12,32.125,57.5,8.3375,998.75                                             
2014-08-13,32.125,57.714285714285715,20.825,998.25                               
2014-08-14,30.375,57.5,18.5125,997.375                                           
2014-08-15,31.125,54.875,14.587499999999999,998.875                              
2014-08-16,30.428571428571427,59.857142857142854,8.35,1002.5                     
2014-08-17,31.375,53.875,7.1875,1003.25                                          
2014-08-18,31.875,56.625,5.5625,1005.375                                         
2014-08-19,33.0,52.42857142857143,6.885714285714286,1004.8571428571429           
2014-08-20,33.25,47.125,8.7875,1002.375                                          
2014-08-21,32.5,43.0,10.8875,1001.25                                             
2014-08-22,33.0,47.125,8.5625,1002.8571428571429                                 
2014-08-23,33.125,45.75,9.2625,1003.25                                           
2014-08-24,33.125,46.25,11.350000000000001,1002.875                              
2014-08-25,33.875,46.625,7.874999999999999,1002.375                              
2014-08-26,34.125,40.25,9.962499999999999,1001.375                               
2014-08-27,33.857142857142854,44.714285714285715,8.112499999999999,1001.125      
2014-08-28,29.625,67.75,6.7250000000000005,1003.75                               
2014-08-29,30.375,69.25,3.7,1003.5                                               
2014-08-30,28.625,78.125,4.1625,1002.625                                         
2014-08-31,27.625,86.125,4.4125,1001.25                                          
2014-09-01,29.428571428571427,65.85714285714286,15.5125,1001.125                 
2014-09-02,29.25,71.0,10.424999999999999,1001.875                                
2014-09-03,28.625,77.875,15.0375,1001.4285714285714                              
2014-09-04,27.875,80.75,9.275,1000.375                                           
2014-09-05,26.5,85.75,8.337499999999999,1000.1428571428571                       
2014-09-06,28.5,76.875,2.0875,1002.375                                           
2014-09-07,31.0,67.625,1.4,1003.25                                               
2014-09-08,31.25,66.375,3.475,1003.125                                           
2014-09-09,31.0,70.125,1.85,1002.375                                             
2014-09-10,28.75,77.5,4.875,1003.25                                              
2014-09-11,26.571428571428573,85.71428571428571,17.825,1005.5714285714286        
2014-09-12,28.5,73.0,1.625,1005.125                                              
2014-09-13,29.375,68.25,4.1625,1004.0                                            
2014-09-14,29.125,65.5,6.712500000000001,1004.25                                 
2014-09-15,29.625,63.125,6.7125,1004.25                                          
2014-09-16,30.625,65.125,6.25,1002.25                                            
2014-09-17,30.625,61.875,7.4,1002.125                                            
2014-09-18,30.5,62.375,6.7125,1003.875                                           
2014-09-19,31.0,56.625,4.175000000000001,1003.5                                  
2014-09-20,31.125,55.75,4.3999999999999995,1002.875                              
2014-09-21,30.5,54.875,5.5625,1003.625                                           
2014-09-22,30.625,50.0,13.437499999999998,1004.5                                 
2014-09-23,31.0,47.0,30.685714285714283,1004.2857142857143                       
2014-09-24,29.625,53.0,8.1,1006.25                                               
2014-09-25,30.0,52.5,9.725,1007.75                                               
2014-09-26,30.0,52.5,5.7875,1008.125                                             
2014-09-27,30.5,46.875,8.799999999999999,1009.25                                 
2014-09-28,30.25,48.875,7.175,1009.625                                           
2014-09-29,30.5,48.75,7.4125,1009.125                                            
2014-09-30,30.625,50.125,6.712500000000001,1009.625                              
2014-10-01,30.428571428571427,52.857142857142854,3.1714285714285713,1010.42857142
2014-10-02,30.375,53.375,2.7875,1009.125                                         
2014-10-03,30.5,52.625,1.85,1008.0                                               
2014-10-04,31.0,53.5,0.0,1008.5                                                  
2014-10-05,30.625,56.125,0.0,1010.375                                            
2014-10-06,30.625,56.75,0.0,1010.125                                             
2014-10-07,31.0,59.375,1.1625,1008.375                                           
2014-10-08,28.75,52.75,3.7125,1009.875                                           
2014-10-09,27.625,49.875,3.2375,1010.125                                         
2014-10-10,27.125,57.375,3.2375000000000003,1008.75                              
2014-10-11,25.714285714285715,57.142857142857146,6.9375,1008.25                  
2014-10-12,26.0,58.625,0.4625,1008.375                                           
2014-10-13,27.625,59.75,8.799999999999999,1009.875                               
2014-10-14,24.5,67.625,5.325000000000001,1010.875                                
2014-10-15,24.5,68.0,3.2625,1013.375                                             
2014-10-16,23.0,58.875,4.862500000000001,1014.0                                  
2014-10-17,25.0,47.666666666666664,25.0125,1013.625                              
2014-10-18,24.0,56.142857142857146,21.3,1012.875                                 
2014-10-19,23.75,57.75,4.1625,1012.625                                           
2014-10-20,24.75,55.625,4.4,1013.125                                             
2014-10-21,25.625,56.125,2.0875,1014.625                                         
2014-10-22,25.75,64.875,0.4625,1014.5                                            
2014-10-23,25.25,66.0,0.925,1012.75                                              
2014-10-24,25.5,67.5,1.85,1011.75                                                
2014-10-25,25.25,67.125,0.925,1012.375                                           
2014-10-26,25.125,65.5,2.0875000000000004,1014.875                               
2014-10-27,24.875,62.875,1.8625,1013.75                                          
2014-10-28,25.125,64.75,2.5625,1012.0                                            
2014-10-29,24.75,65.75,1.625,1012.125                                            
2014-10-30,23.875,61.375,1.85,1014.5                                             
2014-10-31,23.375,58.25,3.7125,1013.625                                          
2014-11-01,22.5,50.875,5.325000000000001,1014.125                                
2014-11-02,22.875,49.125,7.1875,1014.5                                           
2014-11-03,23.375,52.75,4.1625,1013.5                                            
2014-11-04,23.625,56.625,3.9375,1012.125                                         
2014-11-05,22.75,56.25,4.625,1012.375                                            
2014-11-06,23.0,56.25,6.25,1011.625                                              
2014-11-07,24.0,66.125,2.3125,1012.875                                           
2014-11-08,23.875,66.25,1.625,1014.625                                           
2014-11-09,24.125,56.375,4.1625,1015.125                                         
2014-11-10,21.375,52.125,3.4750000000000005,1014.0                               
2014-11-11,19.25,55.125,2.325,1014.75                                            
2014-11-12,19.625,52.0,2.3125,1015.875                                           
2014-11-13,18.5,50.5,3.2375,1016.5                                               
2014-11-14,18.375,43.0,7.4125000000000005,1016.375                               
2014-11-15,18.625,44.75,2.775,1014.875                                           
2014-11-16,18.25,47.625,2.55,1015.375                                            
2014-11-17,17.75,51.75,2.7750000000000004,1016.125                               
2014-11-18,17.625,53.0,2.0875,1017.875                                           
2014-11-19,17.5,58.125,1.1625,1016.5                                             
2014-11-20,20.375,54.625,3.0250000000000004,1013.375                             
2014-11-21,18.25,62.125,3.2375,1012.75                                           
2014-11-22,19.875,58.875,1.625,1011.375                                          
2014-11-23,17.125,57.375,1.3875,1014.625                                         
2014-11-24,16.875,52.25,4.175000000000001,1016.0                                 
2014-11-25,16.5,51.5,2.55,1014.875                                               
2014-11-26,19.625,51.0,5.550000000000001,1009.875                                
2014-11-27,18.125,63.875,0.0,1011.75                                             
2014-11-28,19.375,67.375,0.0,1012.5                                              
2014-11-29,20.25,67.625,0.0,1012.375                                             
2014-11-30,19.75,54.75,2.55,1014.0                                               
2014-12-01,20.0,42.625,8.799999999999999,1013.75                                 
2014-12-02,21.375,47.625,7.875000000000001,1012.75                               
2014-12-03,25.0,66.57142857142857,11.37142857142857,1007.0                       
2014-12-04,21.25,68.875,4.862500000000001,1010.375                               
2014-12-05,17.75,59.875,2.55,1017.125                                            
2014-12-06,18.25,48.875,4.8625,1016.375                                          
2014-12-07,17.25,48.375,4.862500000000001,1014.75                                
2014-12-08,17.0,49.875,2.775,1015.0                                              
2014-12-09,15.285714285714286,67.57142857142857,0.0,1016.8571428571429           
2014-12-10,21.5,65.5,4.8625,1010.5                                               
2014-12-11,19.625,70.5,3.25,1011.625                                             
2014-12-12,17.5,65.625,0.4625,1014.375                                           
2014-12-13,16.0,71.875,8.8,1016.125                                              
2014-12-14,16.875,86.625,3.95,1014.5                                             
2014-12-15,16.625,75.75,2.325,1016.125                                           
2014-12-16,17.75,72.375,7.425000000000001,1017.375                               
2014-12-17,12.875,72.125,6.4875,1020.25                                          
2014-12-18,11.75,79.75,3.0124999999999997,1021.375                               
2014-12-19,11.75,81.75,0.4625,1022.125                                           
2014-12-20,11.25,77.0,5.800000000000001,1018.75                                  
2014-12-21,9.5,79.125,0.925,1018.0                                               
2014-12-22,9.375,85.0,1.3875000000000002,1017.125                                
2014-12-23,9.625,78.625,1.625,1017.875                                           
2014-12-24,9.875,83.0,3.4750000000000005,1021.25                                 
2014-12-25,9.25,81.125,8.100000000000001,1020.125                                
2014-12-26,10.75,77.0,7.6375,1017.75                                             
2014-12-27,10.375,69.0,2.775,1018.625                                            
2014-12-28,9.0,86.0,0.7,1019.75                                                  
2014-12-29,11.125,72.625,1.3875,1017.25                                          
2014-12-30,11.625,70.625,2.55,1014.625                                           
2014-12-31,12.375,67.125,2.7875,1016.875                                         
2015-01-01,14.75,72.0,0.925,1017.5                                               
2015-01-02,14.875,96.625,3.0125,1017.875                                         
2015-01-03,15.125,92.0,0.925,1017.375                                            
2015-01-04,14.125,78.75,9.512500000000001,1019.625                               
2015-01-05,14.0,69.375,15.049999999999999,1016.0                                 
2015-01-06,12.0,79.875,4.3999999999999995,1015.5                                 
2015-01-07,9.625,86.0,3.9375,1016.625                                            
2015-01-08,10.0,87.875,3.4875,1019.125                                           
2015-01-09,10.625,80.625,1.625,1020.125                                          
2015-01-10,11.125,73.125,4.4125000000000005,1018.875                             
2015-01-11,11.0,80.75,4.8625,1019.125                                            
2015-01-12,10.625,79.5,0.925,1019.5                                              
2015-01-13,12.25,77.875,4.875,1017.125                                           
2015-01-14,12.0,82.25,5.1000000000000005,1017.5                                  
2015-01-15,12.375,79.125,0.925,1019.375                                          
2015-01-16,13.0,78.125,4.6375,1019.25                                            
2015-01-17,13.5,76.625,1.8625,1019.25                                            
2015-01-18,13.0,73.875,2.5500000000000003,1018.75                                
2015-01-19,13.75,78.0,1.85,1018.875                                              
2015-01-20,13.375,74.375,7.1875,1020.0                                           
2015-01-21,13.25,73.375,3.6999999999999997,1021.0                                
2015-01-22,12.625,94.125,3.2375,1020.625                                         
2015-01-23,14.625,85.0,1.1625,1020.0                                             
2015-01-24,12.375,86.25,9.737499999999999,1020.75                                
2015-01-25,13.25,77.75,4.1625,1020.375                                           
2015-01-26,13.75,88.125,0.925,1019.875                                           
2015-01-27,13.25,74.25,5.3375,1019.3333333333334                                 
2015-01-28,11.714285714285714,67.0,27.775000000000002,1018.25                    
2015-01-29,11.5,67.5,3.9375,1019.75                                              
2015-01-30,12.75,56.125,12.037500000000001,1020.375                              
2015-01-31,13.75,57.625,9.025,1017.875                                           
2015-02-01,15.0,65.25,5.1000000000000005,1017.75                                 
2015-02-02,17.375,63.875,11.8125,1017.5                                          
2015-02-03,16.75,71.25,7.175000000000002,1020.5                                  
2015-02-04,14.625,81.125,9.25,1022.0                                             
2015-02-05,14.625,62.875,7.3999999999999995,1019.25                              
2015-02-06,15.125,62.625,3.0125,1019.0                                           
2015-02-07,15.875,67.625,1.85,1017.0                                             
2015-02-08,16.625,63.875,4.4125000000000005,1017.375                             
2015-02-09,16.875,63.5,5.55,1019.75                                              
2015-02-10,15.75,64.0,4.625,1019.75                                              
2015-02-11,16.0,66.625,1.85,1017.125                                             
2015-02-12,15.5,69.625,6.025,1016.125                                            
2015-02-13,17.25,59.0,6.725,1012.625                                             
2015-02-14,19.375,63.125,4.1625,1009.625                                         
2015-02-15,18.875,70.125,1.3875000000000002,1012.625                             
2015-02-16,20.625,71.25,10.425,1013.625                                          
2015-02-17,21.142857142857142,72.57142857142857,5.028571428571429,1011.8571428571
2015-02-18,21.25,72.875,5.1000000000000005,1011.75                               
2015-02-19,22.75,73.5,7.65,1012.0                                                
2015-02-20,22.75,67.125,7.187500000000001,1013.875                               
2015-02-21,21.875,63.5,11.3375,1014.125                                          
2015-02-22,22.142857142857142,58.857142857142854,14.812499999999998,1013.375     
2015-02-23,21.5,74.375,3.0250000000000004,1014.25                                
2015-02-24,22.875,72.375,6.0375,1010.625                                         
2015-02-25,23.125,58.625,6.5,1008.5                                              
2015-02-26,20.0,34.375,6.7124999999999995,1009.875                               
2015-02-27,19.25,43.125,5.800000000000001,1013.0                                 
2015-02-28,21.25,45.5,6.950000000000001,1013.0                                   
2015-03-01,17.375,92.75,14.8125,1011.125                                         
2015-03-02,17.5,89.875,6.725,1012.5                                              
2015-03-03,16.25,82.5,5.5625,1013.75                                             
2015-03-04,16.75,69.25,6.7125,1014.0                                             
2015-03-05,18.75,64.0,3.7,1015.75                                                
2015-03-06,20.0,62.375,5.0875,1016.375                                           
2015-03-07,18.375,80.375,4.175,1013.7142857142857                                
2015-03-08,19.5,74.125,7.8875,1015.375                                           
2015-03-09,18.125,54.25,12.2625,1021.0                                           
2015-03-10,17.75,68.5,8.5625,1019.125                                            
2015-03-11,18.25,69.875,6.025,1018.125                                           
2015-03-12,20.5,63.375,5.325000000000001,1017.0                                  
2015-03-13,21.375,65.25,4.175000000000001,1014.75                                
2015-03-14,21.5,64.625,7.875,1015.125                                            
2015-03-15,17.625,89.125,11.575000000000001,1015.5                               
2015-03-16,19.857142857142858,81.85714285714286,8.5625,1017.375                  
2015-03-17,20.875,70.375,13.2,1015.875                                           
2015-03-18,20.25,69.625,12.262500000000001,1013.5                                
2015-03-19,21.125,66.0,5.3375,1014.875                                           
2015-03-20,22.5,65.75,9.025,1014.875                                             
2015-03-21,24.875,60.5,5.7875,1014.875                                           
2015-03-22,25.125,64.0,10.2,1012.0                                               
2015-03-23,24.75,65.75,7.637499999999999,1010.0                                  
2015-03-24,25.75,65.5,1.3875000000000002,1010.25                                 
2015-03-25,26.625,65.625,2.55,1011.8571428571429                                 
2015-03-26,28.5,54.375,9.2625,1013.0                                             
2015-03-27,27.375,51.375,7.65,1012.0                                             
2015-03-28,27.0,53.625,3.7125000000000004,1009.625                               
2015-03-29,25.0,52.75,13.1875,1008.625                                           
2015-03-30,23.5,66.25,14.8125,1010.375                                           
2015-03-31,25.25,64.875,3.7,1010.1428571428571                                   
2015-04-01,26.428571428571427,59.714285714285715,6.7125,1007.5                   
2015-04-02,28.714285714285715,45.285714285714285,10.174999999999999,1004.625     
2015-04-03,24.5,71.125,6.9625,1004.75                                            
2015-04-04,21.0,77.5,1.3875000000000002,1005.25                                  
2015-04-05,23.571428571428573,67.71428571428571,17.6,1007.75                     
2015-04-06,25.0,60.125,2.775,1007.75                                             
2015-04-07,23.75,62.125,9.7375,1010.25                                           
2015-04-08,25.625,50.375,6.712500000000001,1012.0                                
2015-04-09,26.0,52.875,9.0375,1010.5                                             
2015-04-10,27.125,52.25,6.25,1008.5                                              
2015-04-11,28.25,44.875,8.1,1008.375                                             
2015-04-12,24.375,63.0,5.325,1012.375                                            
2015-04-13,24.75,70.875,6.950000000000001,1013.75                                
2015-04-14,26.25,62.75,3.0125,1012.75                                            
2015-04-15,27.625,59.25,5.7875000000000005,1012.875                              
2015-04-16,25.25,58.25,8.1125,1013.875                                           
2015-04-17,28.125,48.75,8.3375,1007.125                                          
2015-04-18,30.125,44.5,5.562500000000001,1002.375                                
2015-04-19,32.125,41.0,4.175,1003.875                                            
2015-04-20,32.875,37.875,7.1875,1005.75                                          
2015-04-21,31.75,28.5,11.1125,1005.625                                           
2015-04-22,30.75,30.25,11.349999999999998,1003.125                               
2015-04-23,30.75,33.0,8.1,1004.0                                                 
2015-04-24,31.125,39.5,2.5500000000000003,1004.375                               
2015-04-25,30.5,43.125,12.975,1005.875                                           
2015-04-26,28.75,51.125,15.737499999999999,1008.0                                
2015-04-27,30.125,53.0,17.5875,1006.75                                           
2015-04-28,31.0,48.25,12.5125,1004.5                                             
2015-04-29,31.25,47.25,9.025,1005.0                                              
2015-04-30,32.625,44.75,15.05,1004.0                                             
2015-05-01,31.25,43.5,5.3375,1005.875                                            
2015-05-02,30.125,40.25,4.4,1006.25                                              
2015-05-03,31.0,39.25,3.0124999999999997,1006.625                                
2015-05-04,30.875,39.25,3.9375,1006.625                                          
2015-05-05,32.125,31.125,7.6499999999999995,1003.875                             
2015-05-06,34.125,22.0,11.362499999999999,1001.875                               
2015-05-07,35.42857142857143,13.428571428571429,15.342857142857143,1003.571428571
2015-05-08,34.125,22.375,12.274999999999999,1003.25                              
2015-05-09,35.125,27.0,8.3375,1001.625                                           
2015-05-10,35.125,25.0,6.9625,1001.375                                           
2015-05-11,34.0,32.625,10.887500000000001,1003.625                               
2015-05-12,33.125,46.0,6.0375000000000005,1004.875                               
2015-05-13,27.75,61.0,6.7125,1006.125                                            
2015-05-14,29.625,49.625,4.4125,1007.25                                          
2015-05-15,28.5,52.125,7.175000000000001,1006.5                                  
2015-05-16,30.0,51.625,4.1625,1003.25                                            
2015-05-17,33.25,40.375,8.35,1001.125                                            
2015-05-18,35.375,35.75,5.562500000000001,1000.0                                 
2015-05-19,31.5,44.0,14.812500000000002,1002.125                                 
2015-05-20,33.125,31.625,14.600000000000001,1002.0                               
2015-05-21,35.625,24.625,11.3375,1000.375                                        
2015-05-22,36.25,19.5,12.5125,998.125                                            
2015-05-23,37.375,21.75,12.725000000000001,996.125                               
2015-05-24,36.0,29.25,5.1000000000000005,997.375                                 
2015-05-25,37.75,22.25,10.875,996.875                                            
2015-05-26,35.25,26.625,17.125,1001.5                                            
2015-05-27,33.75,20.5,6.7125,1001.25                                             
2015-05-28,34.75,29.5,8.3375,1000.625                                            
2015-05-29,35.125,27.25,8.125,1001.625                                           
2015-05-30,32.25,38.75,12.2625,1003.875                                          
2015-05-31,34.25,25.0,14.5875,1001.75                                            
2015-06-01,29.375,41.75,12.512500000000001,1003.25                               
2015-06-02,31.625,39.25,8.575,1003.5                                             
2015-06-03,28.625,50.5,6.7250000000000005,1004.625                               
2015-06-04,31.875,48.375,4.8625,1004.0                                           
2015-06-05,32.625,39.875,6.0125,1003.5                                           
2015-06-06,33.375,39.75,7.862500000000001,1001.375                               
2015-06-07,35.0,36.25,7.175000000000001,999.25                                   
2015-06-08,36.5,33.0,6.25,998.875                                                
2015-06-09,37.625,23.875,18.75,998.875                                           
2015-06-10,36.625,32.285714285714285,18.049999999999997,999.625                  
2015-06-11,35.625,34.75,18.287499999999998,1000.0                                
2015-06-12,35.875,34.625,12.737499999999999,998.5                                
2015-06-13,31.125,48.125,10.1875,998.8571428571429                               
2015-06-14,27.0,77.625,3.95,1000.2857142857143                                   
2015-06-15,31.0,60.75,3.0125,999.5714285714286                                   
2015-06-16,32.375,52.125,2.7875,999.1428571428571                                
2015-06-17,33.875,49.75,3.25,998.0                                               
2015-06-18,35.125,45.125,3.0125,997.625                                          
2015-06-19,35.875,46.75,8.575,996.25                                             
2015-06-20,33.125,48.5,12.975,997.875                                            
2015-06-21,30.375,63.625,8.1125,998.125                                          
2015-06-22,32.125,59.5,4.4,995.625                                               
2015-06-23,31.5,61.625,6.012500000000001,995.0                                   
2015-06-24,37.25,63.875,6.5,995.375                                              
2015-06-25,26.625,82.75,6.2625,994.75                                            
2015-06-26,31.125,54.25,11.5625,995.25                                           
2015-06-27,32.625,48.25,14.112499999999999,997.125                               
2015-06-28,34.25,47.5,9.0375,1000.2857142857143                                  
2015-06-29,31.125,56.625,11.562500000000002,1003.625                             
2015-06-30,30.875,58.625,9.9625,1002.625                                         
2015-07-01,32.0,53.25,4.175000000000001,1001.875                                 
2015-07-02,33.75,45.875,6.949999999999999,1001.125                               
2015-07-03,33.0,49.0,14.35,999.625                                               
2015-07-04,34.125,51.5,16.900000000000002,997.5                                  
2015-07-05,35.714285714285715,47.285714285714285,14.014285714285714,995.428571428
2015-07-06,27.875,83.25,9.275,997.875                                            
2015-07-07,28.125,86.125,1.85,998.125                                            
2015-07-08,31.25,72.0,2.7750000000000004,998.625                                 
2015-07-09,29.625,77.25,2.55,998.625                                             
2015-07-10,26.625,92.125,6.025,998.75                                            
2015-07-11,25.5,98.0,3.2375000000000003,999.3333333333334                        
2015-07-12,25.5,94.75,7.425000000000001,998.625                                  
2015-07-13,29.875,73.125,4.8625,1000.625                                         
2015-07-14,30.875,67.875,10.875,997.8571428571429                                
2015-07-15,33.375,52.875,17.137500000000003,993.75                               
2015-07-16,31.75,61.375,13.437499999999998,994.75                                
2015-07-17,30.75,75.625,4.4,997.25                                               
2015-07-18,29.5,78.875,4.175,998.0                                               
2015-07-19,30.125,70.0,0.7,997.625                                               
2015-07-20,29.125,78.0,4.8625,999.125                                            
2015-07-21,31.375,69.25,8.125,1000.0                                             
2015-07-22,32.25,64.125,7.875000000000002,1001.125                               
2015-07-23,32.125,64.875,8.575000000000001,1001.75                               
2015-07-24,32.0,64.75,6.7125,1001.0                                              
2015-07-25,30.857142857142858,71.0,19.9125,998.5714285714286                     
2015-07-26,30.0,71.625,16.8875,998.875                                           
2015-07-27,29.625,69.0,11.3375,1000.2857142857143                                
2015-07-28,29.5,61.0,11.587499999999999,1000.125                                 
2015-07-29,28.5,68.125,10.875,998.0                                              
2015-07-30,29.0,67.75,9.9625,998.875                                             
2015-07-31,29.0,71.0,4.175000000000001,999.75                                    
2015-08-01,28.25,71.75,0.925,1002.75                                             
2015-08-02,29.625,69.5,2.55,1003.625                                             
2015-08-03,31.5,58.625,5.325,1001.875                                            
2015-08-04,29.428571428571427,77.78571428571429,4.771428571428572,1000.0714285714
2015-08-05,29.59375,79.65625,8.221875,1000.28125                                 
2015-08-06,29.5,79.125,3.0250000000000004,998.0                                  
2015-08-07,29.25,83.0,2.3125,1000.0                                              
2015-08-08,28.875,84.875,1.625,1002.0                                            
2015-08-09,27.375,90.125,3.0125,1000.25                                          
2015-08-10,30.375,77.0,0.0,1000.0                                                
2015-08-11,28.375,86.625,0.4625,1003.0                                           
2015-08-12,30.75,74.25,0.0,1003.125                                              
2015-08-13,32.0,69.5,0.4625,1001.875                                             
2015-08-14,30.875,72.625,3.4749999999999996,1002.0                               
2015-08-15,28.5,85.5,0.0,1002.75                                                 
2015-08-16,28.625,82.625,1.85,1002.875                                           
2015-08-17,30.75,72.625,0.7,1001.375                                             
2015-08-18,29.125,72.875,4.875,1002.5714285714286                                
2015-08-19,31.25,61.25,33.325,1002.375                                           
2015-08-20,30.75,58.625,14.6,1001.375                                            
2015-08-21,29.375,72.0,8.575,1002.0                                              
2015-08-22,30.25,65.375,5.800000000000001,1000.875                               
2015-08-23,29.875,69.375,5.5625,1000.8571428571429                               
2015-08-24,30.75,65.625,7.1875,1001.75                                           
2015-08-25,32.0,57.285714285714285,10.071428571428571,1001.0                     
2015-08-26,32.0,61.0,4.862500000000001,1001.125                                  
2015-08-27,32.5,61.0,5.325000000000001,1002.0                                    
2015-08-28,32.0,63.5,2.3125,1002.25                                              
2015-08-29,32.25,58.0,5.812500000000001,1001.375                                 
2015-08-30,32.625,56.5,9.274999999999999,1001.375                                
2015-08-31,31.857142857142858,54.42857142857143,13.485714285714286,1001.833333333
2015-09-01,32.125,47.625,15.275,1000.8571428571429                               
2015-09-02,31.875,45.625,12.737499999999999,1001.75                              
2015-09-03,31.625,49.125,10.1875,1005.5                                          
2015-09-04,32.0,42.625,11.35,1007.875                                            
2015-09-05,30.875,47.25,7.637499999999999,1007.125                               
2015-09-06,31.25,41.8,7.6375,1006.25                                             
2015-09-07,31.5,46.375,9.4875,1005.75                                            
2015-09-08,31.625,47.0,11.8125,1005.5                                            
2015-09-09,31.0,47.875,10.1875,1005.625                                          
2015-09-10,31.25,46.5,8.575000000000001,1006.75                                  
2015-09-11,30.75,49.75,6.012499999999999,1006.25                                 
2015-09-12,32.142857142857146,54.42857142857143,3.1714285714285717,1006.0        
2015-09-13,32.125,55.25,1.3875000000000002,1005.875                              
2015-09-14,31.875,54.375,2.55,1003.625                                           
2015-09-15,33.0,55.0,0.4625,1003.25                                              
2015-09-16,32.375,55.0,1.4,1003.625                                              
2015-09-17,31.375,58.375,1.1625,1004.375                                         
2015-09-18,31.0,67.625,7.4125000000000005,1005.125                               
2015-09-19,30.625,74.25,2.0875000000000004,1003.625                              
2015-09-20,29.142857142857142,69.14285714285714,5.557142857142858,1002.8571428571
2015-09-21,30.125,64.5,5.800000000000002,1002.5                                  
2015-09-22,30.25,64.375,10.187499999999998,1002.5                                
2015-09-23,28.625,61.25,13.675,1006.375                                          
2015-09-24,28.25,52.375,11.575,1004.625                                          
2015-09-25,28.5,49.375,8.575,1003.75                                             
2015-09-26,29.25,53.5,6.25,1005.25                                               
2015-09-27,28.714285714285715,58.142857142857146,2.9142857142857146,1007.0       
2015-09-28,28.25,58.5,3.9375,1009.0                                              
2015-09-29,29.0,54.57142857142857,9.528571428571428,1010.5714285714286           
2015-09-30,29.0,46.875,8.3375,1011.375                                           
2015-10-01,28.125,51.25,5.574999999999999,1012.0                                 
2015-10-02,28.285714285714285,53.714285714285715,14.5875,1010.75                 
2015-10-03,30.0,52.333333333333336,18.785714285714285,1008.7142857142857         
2015-10-04,29.0,54.375,3.0250000000000004,1008.125                               
2015-10-05,28.875,59.375,1.3875000000000002,1009.25                              
2015-10-06,28.375,61.125,4.6375,1009.0                                           
2015-10-07,28.625,65.75,6.4750000000000005,1009.125                              
2015-10-08,28.375,65.125,4.4125000000000005,1007.5                               
2015-10-09,28.5,59.75,6.025,1004.25                                              
2015-10-10,28.5,54.625,6.7125,1005.0                                             
2015-10-11,28.571428571428573,51.57142857142857,6.885714285714286,1008.7142857142
2015-10-12,29.25,54.125,3.25,1010.0                                              
2015-10-13,29.5,62.875,3.7250000000000005,1011.0                                 
2015-10-14,28.125,63.625,4.875000000000001,1013.25                               
2015-10-15,27.5,66.0,0.4625,1013.5                                               
2015-10-16,27.875,62.625,0.925,1013.5                                            
2015-10-17,28.0,63.75,3.7125,1012.25                                             
2015-10-18,26.857142857142858,71.71428571428571,11.1125,1013.125                 
2015-10-19,28.142857142857142,66.28571428571429,3.4571428571428577,1011.714285714
2015-10-20,27.714285714285715,64.85714285714286,2.9142857142857146,1009.857142857
2015-10-21,26.5,62.125,2.0875,1011.875                                           
2015-10-22,24.75,56.0,4.4,1012.25                                                
2015-10-23,24.0,51.625,4.862500000000001,1011.875                                
2015-10-24,24.875,53.25,1.4000000000000001,1011.625                              
2015-10-25,26.375,47.125,5.575,1012.75                                           
2015-10-26,25.625,52.125,5.574999999999999,1014.875                              
2015-10-27,24.75,54.25,3.4749999999999996,1013.875                               
2015-10-28,20.875,57.25,7.875000000000001,1015.875                               
2015-10-29,22.125,63.5,1.85,1016.875                                             
2015-10-30,22.375,67.25,1.625,1016.375                                           
2015-10-31,22.375,69.375,1.1625,1016.125                                         
2015-11-01,22.875,70.5,0.925,1016.25                                             
2015-11-02,23.375,71.375,0.4625,1015.875                                         
2015-11-03,24.0,67.875,0.475,1014.25                                             
2015-11-04,23.75,69.0,0.925,1012.25                                              
2015-11-05,22.125,75.25,5.100000000000001,1012.375                               
2015-11-06,22.875,74.375,2.325,1012.75                                           
2015-11-07,21.875,74.875,1.1625,1014.625                                         
2015-11-08,21.875,70.25,1.8624999999999998,1015.875                              
2015-11-09,21.75,73.625,0.7,1015.0                                               
2015-11-10,22.75,72.625,0.7,1013.5                                               
2015-11-11,21.875,59.5,4.6375,1014.375                                           
2015-11-12,21.875,60.5,5.7875,1015.375                                           
2015-11-13,22.375,59.375,5.325,1014.875                                          
2015-11-14,22.375,59.625,3.475,1012.0                                            
2015-11-15,22.5,62.0,0.0,1012.0                                                  
2015-11-16,21.875,50.375,2.7874999999999996,1012.625                             
2015-11-17,19.875,48.375,5.1000000000000005,1013.5                               
2015-11-18,18.5,57.625,4.4,1016.375                                              
2015-11-19,18.5,64.75,0.925,1017.5                                               
2015-11-20,18.5,66.0,0.4625,1016.125                                             
2015-11-21,18.75,67.625,1.3875000000000002,1015.5                                
2015-11-22,18.625,64.875,0.4625,1015.125                                         
2015-11-23,17.0,73.5,0.0,1015.875                                                
2015-11-24,18.5,63.0,1.625,1016.0                                                
2015-11-25,19.375,56.375,5.7875000000000005,1014.75                              
2015-11-26,20.0,59.5,0.925,1012.75                                               
2015-11-27,18.5,66.25,2.55,1011.25                                               
2015-11-28,18.75,82.125,1.1625,1015.375                                          
2015-11-29,18.125,81.25,1.1625,1018.0                                            
2015-11-30,19.5,82.375,0.925,1016.75                                             
2015-12-01,19.25,78.75,1.625,1014.75                                             
2015-12-02,18.125,72.125,2.0875,1016.125                                         
2015-12-03,17.625,70.25,7.1875,1016.0                                            
2015-12-04,17.625,67.5,4.6375,1015.0                                             
2015-12-05,17.5,72.375,0.925,1015.875                                            
2015-12-06,17.125,75.875,1.4000000000000001,1016.5                               
2015-12-07,17.625,76.875,2.3125,1017.25                                          
2015-12-08,18.428571428571427,71.28571428571429,1.0571428571428572,1015.714285714
2015-12-09,18.375,78.125,3.475,1015.25                                           
2015-12-10,19.0,77.25,2.0875000000000004,1011.75                                 
2015-12-11,17.25,77.875,5.1000000000000005,1011.375                              
2015-12-12,13.25,91.0,4.3999999999999995,1014.25                                 
2015-12-13,12.875,67.0,3.475,1016.5                                              
2015-12-14,13.25,63.625,7.400000000000001,1017.0                                 
2015-12-15,13.125,63.875,5.325,1016.5                                            
2015-12-16,13.0,65.5,1.1625,1016.375                                             
2015-12-17,12.25,73.625,0.925,1016.875                                           
2015-12-18,12.875,71.25,4.4,1018.625                                             
2015-12-19,12.375,71.875,3.4875,1019.0                                           
2015-12-20,11.75,70.25,1.1625,1018.5                                             
2015-12-21,12.625,74.75,1.3875000000000002,1018.875                              
2015-12-22,12.0,79.875,0.7,1020.875                                              
2015-12-23,12.5,81.375,3.4875000000000003,1020.625                               
2015-12-24,11.25,68.625,6.025,1021.25                                            
2015-12-25,11.5,66.125,5.5625,1022.0                                             
2015-12-26,12.75,64.5,6.4875,1021.125                                            
2015-12-27,15.375,63.25,7.8875,1020.625                                          
2015-12-28,17.125,58.125,10.8875,1020.875                                        
2015-12-29,16.375,65.0,7.4125000000000005,1018.125                               
2015-12-30,15.5,71.75,2.0999999999999996,1017.5                                  
2015-12-31,15.0,71.375,2.0875,1020.5                                             
2016-01-01,14.714285714285714,72.28571428571429,1.0571428571428572,1021.142857142
2016-01-02,14.0,75.875,2.0875,1021.0                                             
2016-01-03,14.375,74.75,5.112500000000001,1018.5                                 
2016-01-04,15.75,77.125,0.0,1017.625                                             
2016-01-05,15.833333333333334,88.83333333333333,0.6166666666666667,1017.0        
2016-01-06,17.375,81.625,2.3125,1016.5                                           
2016-01-07,17.125,87.0,0.0,1018.125                                              
2016-01-08,15.5,83.25,7.887500000000001,1017.25                                  
2016-01-09,15.857142857142858,65.14285714285714,8.471428571428572,1015.4285714285
2016-01-10,15.625,74.375,2.775,1017.5                                            
2016-01-11,15.75,74.875,1.625,1017.5                                             
2016-01-12,18.0,69.6875,6.03125,1014.9375                                        
2016-01-13,18.266666666666666,75.8,5.08,1014.3333333333334                       
2016-01-14,15.5625,80.4375,4.300000000000001,1016.125                            
2016-01-15,13.0,84.1875,10.775,1017.0                                            
2016-01-16,13.6,80.06666666666666,11.239999999999998,1014.6                      
2016-01-17,14.0,77.66666666666667,2.1066666666666665,1016.2                      
2016-01-18,13.266666666666667,80.46666666666667,1.4800000000000002,1014.733333333
2016-01-19,12.357142857142858,88.57142857142857,4.65,1015.2857142857143          
2016-01-20,12.066666666666666,84.2,6.193333333333333,1018.6666666666666          
2016-01-21,12.1875,73.1875,7.887499999999998,1020.1875                           
2016-01-22,11.733333333333333,83.4,3.586666666666667,1019.4666666666667          
2016-01-23,14.4375,75.875,3.2500000000000004,1019.8125                           
2016-01-24,11.1875,86.25,6.624999999999999,1019.0625                             
2016-01-25,11.666666666666666,75.4,4.58,1017.2                                   
2016-01-26,14.5625,79.6875,2.5500000000000003,1015.375                           
2016-01-27,17.583333333333332,69.16666666666667,4.025,1014.1666666666666         
2016-01-28,16.857142857142858,69.35714285714286,5.028571428571429,1015.0714285714
2016-01-29,19.5625,70.625,2.54375,1017.375                                       
2016-01-30,20.142857142857142,78.5,1.2,1014.5                                    
2016-01-31,17.375,78.25,7.762500000000001,1016.0                                 
2016-02-01,15.846153846153847,65.76923076923077,7.269230769230768,1017.1538461538
2016-02-02,15.266666666666667,55.86666666666667,8.893333333333333,1018.2         
2016-02-03,13.125,66.5,7.622222222222222,1018.0                                  
2016-02-04,16.363636363636363,53.0,6.941666666666666,1017.3333333333334          
2016-02-05,12.666666666666666,70.66666666666667,2.1666666666666665,1016.833333333
2016-02-06,15.333333333333334,69.5,3.6999999999999997,1013.3333333333334         
2016-02-07,15.625,77.0,2.7875,1015.75                                            
2016-02-08,17.09090909090909,67.18181818181819,5.9,1017.0909090909091            
2016-02-09,17.76923076923077,67.46153846153847,5.846153846153848,1014.69230769230
2016-02-10,18.133333333333333,64.86666666666666,2.1,1012.7333333333333           
2016-02-11,19.6875,54.75,6.03125,1011.25                                         
2016-02-12,19.2,57.86666666666667,0.7466666666666666,1012.5333333333333          
2016-02-13,17.066666666666666,62.13333333333333,5.8066666666666675,1014.866666666
2016-02-14,17.642857142857142,61.92857142857143,8.071428571428571,1017.2142857142
2016-02-15,17.6,59.53333333333333,5.94,1018.7333333333333                        
2016-02-16,18.214285714285715,56.142857142857146,5.435714285714285,1020.071428571
2016-02-17,18.714285714285715,59.285714285714285,3.7071428571428577,1019.14285714
2016-02-18,19.466666666666665,76.0,5.186666666666667,1017.4                      
2016-02-19,23.153846153846153,70.23076923076923,4.1461538461538465,1014.615384615
2016-02-20,23.625,73.125,11.11875,1014.125                                       
2016-02-21,21.0,61.125,17.137500000000003,1014.75                                
2016-02-22,21.0,51.42857142857143,15.207142857142859,1014.4285714285714          
2016-02-23,21.428571428571427,50.642857142857146,9.785714285714286,1012.5        
2016-02-24,21.6875,58.0625,2.4437500000000005,1012.9375                          
2016-02-25,22.5625,57.5,5.3375,1015.5                                            
2016-02-26,22.8,55.6,2.48,1018.4                                                 
2016-02-27,22.8,59.0,3.333333333333334,1018.4666666666667                        
2016-02-28,23.0,63.0625,3.712500000000001,1018.9375                              
2016-02-29,23.875,63.9375,3.712500000000001,1018.625                             
2016-03-01,24.916666666666668,57.416666666666664,1.7,1015.0                      
2016-03-02,24.933333333333334,57.06666666666667,1.7333333333333334,1015.4        
2016-03-03,26.0,55.61538461538461,4.292307692307692,1014.6153846153846           
2016-03-04,27.3125,44.25,6.14375,1012.6875                                       
2016-03-05,23.933333333333334,57.13333333333333,11.0,1012.6666666666666          
2016-03-06,22.8125,66.5625,5.21875,1013.0625                                     
2016-03-07,23.714285714285715,64.14285714285714,5.171428571428572,1012.3571428571
2016-03-08,23.428571428571427,60.214285714285715,6.742857142857142,1011.642857142
2016-03-09,24.0,57.5625,9.375,1012.0625                                          
2016-03-10,25.5625,57.4375,7.981249999999999,1013.1875                           
2016-03-11,25.066666666666666,67.8,6.546666666666667,1012.5333333333333          
2016-03-12,24.5625,66.9375,9.487499999999999,1009.5625                           
2016-03-13,24.25,65.1875,6.84375,1011.1875                                       
2016-03-14,22.375,66.0,6.275,1014.3125                                           
2016-03-15,24.066666666666666,58.93333333333333,8.646666666666667,1014.8666666666
2016-03-16,23.9375,53.75,10.88125,1012.8125                                      
2016-03-17,26.3125,50.3125,6.84375,1010.4375                                     
2016-03-18,26.1875,61.25,6.7125,1009.8125                                        
2016-03-19,26.785714285714285,61.857142857142854,3.578571428571429,1009.214285714
2016-03-20,27.133333333333333,58.733333333333334,2.8466666666666667,1010.33333333
2016-03-21,26.625,43.375,12.2625,1011.125                                        
2016-03-22,25.0625,37.875,22.1,1009.375                                          
2016-03-23,26.2,43.266666666666666,10.641666666666667,1010.0                     
2016-03-24,28.133333333333333,46.86666666666667,3.2133333333333334,1013.333333333
2016-03-25,29.875,50.1875,3.3687500000000004,1013.1875                           
2016-03-26,24.666666666666668,62.666666666666664,9.393333333333334,1013.6        
2016-03-27,26.25,53.6875,9.156249999999996,1012.8125                             
2016-03-28,25.933333333333334,52.8,6.546666666666667,7679.333333333333           
2016-03-29,27.125,47.75,7.293749999999999,1011.3125                              
2016-03-30,29.571428571428573,39.785714285714285,7.021428571428571,1011.142857142
2016-03-31,30.0,39.733333333333334,4.333333333333333,1009.2                      
2016-04-01,30.571428571428573,38.214285714285715,12.035714285714283,1006.71428571
2016-04-02,32.3125,38.5625,5.4625,1008.0                                         
2016-04-03,33.3125,44.25,2.55,1008.375                                           
2016-04-04,32.8125,33.125,8.0,1006.6875                                          
2016-04-05,32.3125,29.3125,9.268749999999999,1007.0                              
2016-04-06,31.375,33.125,3.475,1006.875                                          
2016-04-07,29.933333333333334,37.0,10.85,1007.2666666666667                      
2016-04-08,29.266666666666666,36.0,4.686666666666667,1009.2                      
2016-04-09,30.733333333333334,32.46666666666667,12.61875,1009.3125               
2016-04-10,32.25,29.0,5.225,1008.8125                                            
2016-04-11,29.8,35.0,16.04,1009.4                                                
2016-04-12,30.2,36.2,19.380000000000003,1006.3333333333334                       
2016-04-13,31.75,28.0625,18.643749999999997,1003.3125                            
2016-04-14,33.125,23.875,10.425,1003.8125                                        
2016-04-15,33.625,25.375,9.8375,1004.625                                         
2016-04-16,35.6875,23.6875,11.112499999999999,1003.0625                          
2016-04-17,34.666666666666664,23.866666666666667,9.386666666666665,1002.666666666
2016-04-18,34.625,30.125,7.175,1004.6875                                         
2016-04-19,34.0,33.6,4.566666666666666,1005.8666666666667                        
2016-04-20,34.0625,25.9375,14.01875,1006.4375                                    
2016-04-21,34.0,24.666666666666668,15.75,1003.4                                  
2016-04-22,33.25,24.25,8.35,1001.7272727272727                                   
2016-04-23,31.916666666666668,21.818181818181817,19.653846153846157,1001.84615384
2016-04-24,31.3125,22.125,10.1875,1003.0625                                      
2016-04-25,31.75,22.8125,6.949999999999999,1005.5625                             
2016-04-26,33.4375,25.1875,3.8312500000000003,1007.1875                          
2016-04-27,33.125,29.0625,4.981249999999999,1005.6875                            
2016-04-28,34.15384615384615,21.76923076923077,11.823076923076922,1004.6923076923
2016-04-29,34.07142857142857,23.285714285714285,9.123076923076923,1005.7142857142
2016-04-30,33.0625,25.5625,5.2125,1004.8125                                      
2016-05-01,34.6875,23.375,8.575,1002.4375                                        
2016-05-02,38.0,18.466666666666665,9.513333333333334,1002.2                      
2016-05-03,35.5,30.375,6.4937499999999995,1004.3125                              
2016-05-04,33.714285714285715,31.857142857142858,10.464285714285717,1003.78571428
2016-05-05,30.6,42.0,11.246666666666666,1007.4666666666667                       
2016-05-06,31.4375,37.4375,8.225,1007.0                                          
2016-05-07,33.3125,37.1875,4.65,1005.5625                                        
2016-05-08,35.13333333333333,36.333333333333336,7.293333333333332,1005.9333333333
2016-05-09,33.53333333333333,40.6,18.425,1006.0625                               
2016-05-10,34.0,39.75,10.55625,1006.5625                                         
2016-05-11,32.5,49.9375,7.774999999999999,1006.0625                              
2016-05-12,35.375,40.0,5.1,1002.25                                               
2016-05-13,37.294117647058826,28.11764705882353,8.07058823529412,1001.35294117647
2016-05-14,36.5625,31.875,4.16875,1003.125                                       
2016-05-15,37.25,29.5,4.75,1003.5625                                             
2016-05-16,37.214285714285715,23.5,9.019999999999998,1000.8                      
2016-05-17,37.5,25.8125,9.612499999999999,998.9375                               
2016-05-18,37.75,27.625,8.45,997.8125                                            
2016-05-19,37.375,40.5,9.3875,998.625                                            
2016-05-20,37.4,44.2,8.413333333333334,996.9333333333333                         
2016-05-21,36.13333333333333,45.4,10.873333333333333,995.9333333333333           
2016-05-22,36.8,44.8,6.553333333333333,996.4666666666667                         
2016-05-23,32.214285714285715,47.92857142857143,14.95,999.5714285714286          
2016-05-24,31.526315789473685,53.526315789473685,8.494736842105263,1000.736842105
2016-05-25,33.21739130434783,46.608695652173914,10.160869565217393,997.4782608695
2016-05-26,35.26923076923077,44.57692307692308,15.17692307692308,999.153846153846
2016-05-27,38.27272727272727,26.09090909090909,15.31818181818182,999.954545454545
2016-05-28,36.0625,37.25,14.405555555555553,999.8333333333334                    
2016-05-29,31.5,57.0625,11.68125,1001.25                                         
2016-05-30,26.8125,74.8125,9.4875,1003.8125                                      
2016-05-31,32.642857142857146,51.214285714285715,7.4071428571428575,1002.30769230
2016-06-01,36.0,42.2,9.133333333333335,1002.7333333333333                        
2016-06-02,37.5625,35.3125,11.93125,1002.0                                       
2016-06-03,37.5625,40.6875,2.7812500000000004,1002.25                            
2016-06-04,38.2,42.06666666666667,3.2066666666666666,1001.8666666666667          
2016-06-05,36.166666666666664,51.75,8.5,1002.8333333333334                       
2016-06-06,35.42857142857143,45.714285714285715,11.0,1001.5714285714286          
2016-06-07,34.625,59.1875,21.306250000000002,1002.0625                           
2016-06-08,36.07142857142857,44.642857142857146,8.485714285714284,999.21428571428
2016-06-09,35.733333333333334,43.733333333333334,9.26,938.0666666666667          
2016-06-10,36.13333333333333,41.86666666666667,10.08125,998.25                   
2016-06-11,33.4375,49.9375,8.812500000000002,999.0                               
2016-06-12,35.5,37.125,9.1625,998.8125                                           
2016-06-13,36.0,43.3125,12.85,998.1875                                           
2016-06-14,32.625,55.125,11.859999999999998,997.8125                             
2016-06-15,34.733333333333334,48.86666666666667,10.513333333333332,996.1333333333
2016-06-16,33.5,51.285714285714285,11.39285714285714,999.0                       
2016-06-17,34.1875,52.25,7.425,999.4285714285714                                 
2016-06-18,35.857142857142854,50.57142857142857,10.857142857142858,1000.857142857
2016-06-19,35.625,53.25,9.387499999999998,1001.375                               
2016-06-20,30.9375,73.9375,7.643750000000001,1000.6875                           
2016-06-21,32.875,62.1875,8.91875,999.9375                                       
2016-06-22,33.125,60.8125,7.418750000000001,1001.5625                            
2016-06-23,33.84615384615385,51.61538461538461,5.875000000000001,999.692307692307
2016-06-24,36.4375,46.5625,7.762499999999999,998.3125                            
2016-06-25,35.42857142857143,55.92857142857143,9.664285714285713,1000.07142857142
2016-06-26,34.86666666666667,57.46666666666667,7.660000000000001,1000.375        
2016-06-27,34.3125,61.25,7.9937499999999995,998.8666666666667                    
2016-06-28,30.785714285714285,75.07142857142857,5.435714285714285,1001.5         
2016-06-29,35.375,58.875,8.449999999999998,1001.1875                             
2016-06-30,35.46666666666667,60.2,6.793333333333333,997.8666666666667            
2016-07-01,32.125,73.4,8.35,1002.5625                                            
2016-07-02,28.4,80.0,5.231250000000001,998.375                                   
2016-07-03,29.5625,78.125,1.96875,998.25                                         
2016-07-04,30.6875,76.3125,3.481250000000001,997.125                             
2016-07-05,33.25,68.6875,5.3375,995.5625                                         
2016-07-06,33.266666666666666,64.06666666666666,8.878571428571428,996.86666666666
2016-07-07,33.5,63.0,5.91875,997.6875                                            
2016-07-08,30.8,75.86666666666666,5.4333333333333345,997.4                       
2016-07-09,33.25,66.0625,6.73125,996.75                                          
2016-07-10,32.5625,65.6875,4.7,996.0625                                          
2016-07-11,31.5,71.9375,8.046666666666665,997.75                                 
2016-07-12,30.5,80.1875,5.5625,999.0625                                          
2016-07-13,31.25,76.3125,6.806666666666667,998.4375                              
2016-07-14,30.4375,80.4375,5.21875,998.375                                       
2016-07-15,31.0,78.0625,7.271428571428571,998.625                                
2016-07-16,27.125,93.875,4.371428571428571,999.875                               
2016-07-17,28.125,86.5625,6.6000000000000005,1001.3333333333334                  
2016-07-18,27.666666666666668,91.26666666666667,7.653333333333333,1000.8         
2016-07-19,32.3125,69.125,13.656249999999998,999.875                             
2016-07-20,34.1875,59.5625,12.9625,999.625                                       
2016-07-21,34.13333333333333,56.86666666666667,11.479999999999999,999.26666666666
2016-07-22,34.125,56.125,8.687500000000002,999.3333333333334                     
2016-07-23,31.875,66.0,7.768750000000001,1001.625                                
2016-07-24,31.4375,72.25,2.43125,946.3125                                        
2016-07-25,31.9375,69.125,2.9125000000000005,1001.875                            
2016-07-26,30.3125,82.0,6.485714285714287,1003.125                               
2016-07-27,28.3125,88.25,4.293750000000001,1004.625                              
2016-07-28,29.533333333333335,81.33333333333333,5.186666666666667,1002.0666666666
2016-07-29,27.375,92.4375,2.43125,1000.9375                                      
2016-07-30,27.333333333333332,92.26666666666667,1.8599999999999999,1001.2        
2016-07-31,29.266666666666666,83.13333333333334,4.7,1000.6666666666666           
